domanda,risposta_gold,risposta,se_corretta
A cosa possono rivolgersi gli studenti dell'Università di Bologna per ricevere supporto relativo alle attività didattiche e integrative?,D. I tutor dei Corsi di Studio,D,True
Qual è il tipo di accesso richiesto per il corso di laurea in Sviluppo e Cooperazione Internazionale?,C. Numero programmato - TOLC-E,C,True
Quando è possibile iscriversi alla selezione straordinaria per l'accesso al CdS SVIC per l'anno accademico 2024-2025?,B. Dal 10 settembre al 19 settembre 2024,B,True
Quale evento accademico si svolge il 2 ottobre 2024 presso l'università?,D. Il Welcome Day SVIC e il seminario “Il sistema agroalimentare interamericano”,D,True
"Quale tra i tre corsi di laurea si concentra principalmente sullo studio delle scienze sociali, con particolare attenzione alla scienza politica e alla sociologia, fornendo agli studenti gli strumenti per analizzare il comportamento individuale e di gruppo nell'arena politica e nella vita sociale?","D. Scienze Politiche, Sociali e Internazionali (SPOSI)",D,True
Quale delle seguenti affermazioni descrive correttamente la caratteristica principale del Corso di Scienze Internazionali e Diplomatiche (SID)?,C. Forte vocazione all'internazionalizzazione tipica dei Corsi imperniati sulle Relazioni Internazionali.,C,True
A quale classe di laurea appartiene il corso di laurea SVIC?,"B. L-37, Scienze sociali per la cooperazione, lo sviluppo e la pace",B,True
In quale anno è possibile accedere al programma di scambio di Buenos Aires per il corso di laurea in Scienze Politiche Sociali Internazionali?,A. Al primo anno,C,False
Quale tra le seguenti NON è una funzione esercitata dal Consiglio di Corso?,C.  predisposizione dei calendari e delle commissioni degli esami di laurea,B,False
"Per ottenere il riconoscimento dello status di “studente lavoratore” all'Università di Bologna nell'anno accademico 2024/2025, quali sono i requisiti essenziali?","D. Studiare in un corso di Laurea, Laurea Magistrale a ciclo unico o Laurea Magistrale e aver svolto un'attività lavorativa per almeno 3 mesi con un impegno di almeno 4 ore la settimana o per almeno 30 giornate lavorative nei dodici mesi antecedenti alla scadenza dell'avviso.",D,True
Quali servizi di supporto vengono offerti ai studenti per migliorare il loro apprendimento?,A. Servizi di tutorato dedicati per attività di supporto peer to peer.,A,True
"Per poter partecipare alle selezioni per il Corso di Laurea in Sviluppo e cooperazione internazionale, è necessario sostenere:",D. Il TOLC-E,D,True
Quando è possibile sostenere il TOLC per l'a.a. 2024/25 presso l'Università di Bologna?,A. Tra febbraio e luglio 2024,A,True
Qual è la data limite per l'inserimento dell'attestazione ISEE per evitare il pagamento della mora?,A. 30 ottobre 2024 ore 18:00,A,True
A chi è rivolta la selezione straordinaria per i corsi di laurea a numero programmato per l'anno accademico 2024/2025?,"D. Cittadini italiani, cittadini dell'Unione Europea, cittadini non-UE equiparati e cittadini non-UE residenti all'estero che devono concorrere con cittadini dell'UE",D,True
"Secondo il bando di ammissione A.A. 2024/2025, entro quale data i cittadini non-UE residenti all'estero devono presentare il certificato di conoscenza della lingua italiana?",A. 16/09/2024,A,True
"Secondo il bando di ammissione A.A. 2024/2025, entro quale data è necessario immatricolarsi, in caso di vittoria in graduatoria o recupero?","D. Entro i termini perentori indicati nei paragrafi 4.7, 4.8 e 4.9 del bando",C,False
"Secondo il bando, qual è la conseguenza per chi non rispetta le scadenze di pagamento per le procedure di ammissione?","A. Esclusione dalla procedura, indipendentemente dal motivo.",A,True
Qual è la data limite per la candidatura alla seconda selezione?,"B. 15 luglio 2024, ore 13.00",B,True
Quando è possibile effettuare l'immatricolazione per chi è stato ammesso alla selezione ordinaria?,D. Dal 25 luglio 2024 al 30 luglio 2024 compreso,D,True
"In base al bando, quanti posti sono disponibili per il corso di Scienze Politiche, Sociali e Internazionali (SPOSI) per i cittadini italiani, dell'Unione Europea e categorie equiparate nella prima selezione?",B. 300,A,False
"Secondo il bando, entro quale data un studente con un diploma sperimentale in 4 anni deve aver conseguito il diploma di scuola secondaria superiore?",C. 30 dicembre 2024,C,True
In quale situazione è possibile iscriversi contemporaneamente a due corsi di studi presso l'Università di Bologna?,"A. Se già iscritto ad un corso universitario (Università di Bologna o altro Ateneo) e non si intende rinunciare, trasferirsi o effettuare un passaggio di corso.",D,False
"Per la prima selezione del corso, quali TOLC -E sono validi?",A. I TOLC -E svolti tra il 1° gennaio 2023 e il 29 aprile 2024 compresi,A,True
Per quali studenti è possibile richiedere un tempo aggiuntivo del 50% per la prova TOLC -E?,D.  Studenti con invalidità civile e/o handicap ai sensi della L. 104/1992,D,True
Quando è possibile candidarsi alla seconda selezione per l'ammissione ai corsi?,"C. Dal 4 marzo 2024 al 30 aprile 2024, ore 13:00",C,True
Quando è possibile candidarsi per la selezione straordinaria per l'ammissione ai corsi di laurea?,"D. Dal 10 settembre 2024 al 19 settembre 2024, ore 13:00",D,True
"Qual è la data limite per il conseguimento del titolo di studio, se non è ancora stato conseguito al momento della candidatura?",D. 30 dicembre 2024,D,True
Qual è la data limite per la presentazione di un certificato di conoscenza della lingua italiana per i cittadini non-UE residenti all'estero che partecipano alla prima selezione?,D. 22/04/2024,D,True
"Qual è il punteggio minimo TOLC-E, pesato secondo i criteri descritti, richiesto per la seconda selezione?",C. 6/36,C,True
"In caso di parità di punteggio nella graduatoria per un corso di studi, quale criterio viene utilizzato per stabilire l'ordine di merito?","A. L'età anagrafica, con la persona più giovane che precede.",A,True
"Secondo il bando, quando viene pubblicata la graduatoria per la selezione straordinaria?",A. 2 ottobre 2024,A,True
"In quale delle seguenti situazioni un candidato risulta ""Idoneo"" alla selezione?",B. Ha ottenuto un punteggio di almeno 6/36 ma non rientra nei posti disponibili.,B,True
Cosa succede se un candidato risulta “Vincitore” in una graduatoria per un corso di riserva ma non si immatricola?,A. Può immatricolarsi al corso di riserva e dichiarare il proprio interesse per un eventuale spostamento nel corso di maggior interesse.,D,False
Quando è possibile dichiarare l'interesse al recupero per la seconda selezione?,D. Dal 25 luglio 2024 al 30 luglio 2024,D,True
Quando è possibile dichiarare l'interesse allo spostamento per la seconda selezione?,B. Dal 25 luglio 2024 al 30 luglio 2024,B,True
Qual è la data limite per ottenere il diploma di scuola secondaria se si è immatricolati all'università senza averlo ancora conseguito?,B. 30 dicembre 2024,B,True
Qual è la data limite per attivare la carriera universitaria dopo l'immatricolazione?,D. 28 febbraio 2025,D,True
Entro quale data un studente deve richiedere il riconoscimento di precedenti carriere universitarie concluse?,B. 28 novembre 2024,B,True
"Per ottenere le agevolazioni sulla contribuzione studentesca (esonero totale o contributo ridotto) in funzione dell'ISEE, qual è il periodo temporale entro cui i CFU devono essere stati acquisiti?",C. 16/05/2024 – 23/05/2024,A,False
In quale periodo è possibile richiedere il passaggio di corso per la selezione straordinaria?,A. Dal 2 ottobre 2024 al 7 ottobre 2024,A,True
"Per ottenere l'esonero totale o la riduzione della contribuzione studentesca, qual è il periodo temporale considerato per il calcolo dei CFU necessari?",B. 1° agosto 2023 - 10 agosto 2024,B,True
Entro quale periodo di tempo il Consiglio di Corso di studi di destinazione valuterà i crediti acquisiti nella carriera di provenienza?,C. Successivamente alla conclusione della procedura di trasferimento,C,True
"Per essere considerato valido per l'accesso ai corsi di questo bando, un TOLC-E deve essere sostenuto:","C. tra il 1° gennaio 2023 e il 29 aprile 2024 per la prima selezione, tra il 1° gennaio 2023 e il 12 luglio 2024 per la seconda selezione, o tra il 1° gennaio 2023 e il 18 settembre 2024 per l'eventuale selezione straordinaria.",C,True
Qual è l'importo della parte fissa della contribuzione studentesca per l'iscrizione a un corso di studi all'Università di Bologna?,"C. 157,04 €",C,True
"Secondo il bando, qual è il criterio fondamentale per determinare il numero minimo di CFU richiesti per accedere ai benefici ER.GO?","B. L'anno di prima immatricolazione all'università, anche se presso un altro ateneo.",A,False
In quale periodo l'Università di Bologna sarà chiusa per ferie estive?,C. Dal lunedì 12 agosto al venerdì 16 agosto 2024,C,True
"Secondo il bando, qual è la modalità di pagamento per l'iscrizione al TOLC?",C. Seguendo le modalità indicate sulla piattaforma PagoPA,C,True
Quando è possibile candidarsi alla seconda selezione per l'ammissione al corso?,"B. Dal 2 maggio 2024 al 15 luglio 2024, ore 13.00",B,True
Quando è possibile presentare la domanda di immatricolazione per la selezione straordinaria?,D. Dal 2 ottobre 2024 al 7 ottobre 2024 compreso,D,True
"Secondo il bando, in quale periodo è possibile immatricolarsi o passare a un altro corso per chi ha necessità di recuperare o spostare il proprio percorso di studi?",B. Dal 2 ottobre 2024 al 7 ottobre 2024 compresi,A,False
"Secondo il bando, entro quale data deve essere conseguito il diploma di scuola secondaria superiore da parte degli studenti che si iscrivono con uno dei titoli elencati in 3.2.a?",C. 30 dicembre 2024,C,True
"Secondo il bando, in quale situazione è possibile iscriversi contemporaneamente a due corsi di studi all'Università di Bologna?",A. Se previsto dalla legge n. 33 del 12 aprile 2022.,A,True
"Per la prima selezione, quali TOLC -E sono validi per l'ammissione?",C. I TOLC -E svolti tra il 1° gennaio 2023 e il 29 aprile 2024 compresi,C,True
Per quali studenti è possibile richiedere un tempo aggiuntivo del 50% per la prova TOLC?,C. Studenti con invalidità civile e/o handicap ai sensi della L. 104/1992,C,True
Qual è il termine ultimo per la candidatura alla prima selezione?,"D. 30 aprile 2024, ore 13.00",D,True
Quando è possibile candidarsi per la seconda selezione per l'ammissione ai corsi di laurea?,"B. Dal 2 maggio 2024 al 15 luglio 2024, ore 13:00",B,True
Qual è la data limite per il conseguimento del titolo di studio per i candidati che non lo hanno ancora ottenuto al momento della candidatura?,D. 30 dicembre 2024,D,True
Qual è la data limite per la presentazione di un certificato di conoscenza della lingua italiana per i cittadini non UE residenti all'estero che partecipano alla prima selezione?,C. 22/04/2024,C,True
"Qual è il punteggio minimo TOLC-E, pesato secondo i criteri descritti, richiesto per accedere alla seconda selezione?",C. 6/36,C,True
"In caso di parità di punteggio nella graduatoria per un corso di studi, quale criterio viene utilizzato per stabilire l'ordine di merito?","C. L'età anagrafica, con la persona più giovane che precede.",C,True
Secondo il bando,"D. Al corso di riserva, seguendo le modalità e le scadenze indicate nella Sezione 4.7, e dichiarare il proprio interesse a spostarsi nel corso di maggior interesse.",D,True
"In quale delle seguenti situazioni un candidato risulta ""Idoneo"" alla selezione?",A. Ha ottenuto un punteggio di almeno 6/36 ma non rientra nei posti disponibili.,A,True
Cosa succede a un candidato che risulta “Vincitore” in una graduatoria per un corso di studio di riserva?,"B. Può immatricolarsi al corso di riserva e, se lo desidera, dichiarare il proprio interesse allo spostamento nel corso di maggior interesse.",B,True
Quando è possibile dichiarare l'interesse al recupero per la seconda selezione?,A. Dal 25 luglio 2024 al 30 luglio 2024,A,True
Quando è possibile dichiarare l'interesse allo spostamento per la seconda selezione?,B. Dal 25 luglio 2024 al 30 luglio 2024,B,True
Qual è la data limite per l'attivazione della carriera universitaria per gli studenti che hanno ottenuto un posto a seguito della procedura di recupero nella seconda selezione?,D. 26 agosto 2024,D,True
"Entro quale data è necessario attivare la carriera universitaria dopo l'immatricolazione, pena l'annullamento dell'immatricolazione stessa?",B. 28 febbraio 2025,B,True
Entro quale data un studente deve richiedere il riconoscimento di precedenti carriere universitarie concluse?,D. 28 novembre 2024,D,True
"Per ottenere le agevolazioni sulla contribuzione studentesca in funzione dell'ISEE, qual è il periodo temporale entro cui devono essere stati acquisiti i CFU riconosciuti?",C. 16/05/2024 – 23/05/2024,D,False
In quale periodo è possibile richiedere il passaggio di corso per la selezione straordinaria?,A. Dal 2 ottobre 2024 al 7 ottobre 2024,D,False
Per quali periodi di tempo sono considerati validi i CFU per ottenere agevolazioni sulla contribuzione studentesca?,D. Dal 1° agosto 2023 al 10 agosto 2024,D,True
"In base al testo, entro quale data è possibile presentare domanda di trasferimento in uscita dall'ateneo di provenienza?",C. Dopo l'immatricolazione,C,True
In che anno è possibile sostenere il TOLC a distanza (“TOLC@CASA”) per candidarsi al contingente “cittadini non -UE residenti all’estero”?,A. 2024,A,True
Qual è l'importo della parte fissa della contribuzione studentesca per l'iscrizione a un corso di studi all'Università di Bologna?,"A. 157,04 €",A,True
Qual è il criterio determinante per il numero minimo di CFU richiesti per accedere ai benefici ER.GO?,"D. L'anno di prima immatricolazione all'università, anche se avvenuta presso un altro Ateneo.",D,True
In quale delle seguenti date l'Ufficio Contribuzioni Studentesche di Bologna sarà chiuso?,B. venerdì 29 marzo 2024,D,False
"Secondo il bando, qual è la modalità di pagamento prevista per l'iscrizione al TOLC?",D. Seguendo le modalità indicate sulla piattaforma PagoPA tramite Studenti Online,D,True
Qual è la data limite per la candidatura alla seconda selezione del TOLC-E?,A. 15 luglio 2024,A,True
"Quando è possibile presentare domanda per l'immatricolazione, anche in caso di trasferimento o passaggio di corso, durante la selezione ordinaria?",B. Dal 25 luglio 2024 al 30 luglio 2024 compreso,B,True
"Secondo il bando, in quale periodo è possibile immatricolarsi a un corso di laurea, anche in caso di trasferimento o passaggio di corso, per i candidati che hanno necessità di recuperare o spostare il proprio posto?",A. Dal 2 ottobre 2024 al 7 ottobre 2024 compresi,C,False
"Secondo il bando, entro quale data un studente con un diploma sperimentale in 4 anni deve aver conseguito il diploma di scuola secondaria superiore?",A. 30 dicembre 2024,A,True
"Secondo il bando, in quale situazione è possibile iscriversi contemporaneamente a due corsi di studi presso l'Università di Bologna?","C. Se già iscritto ad un corso universitario (Università di Bologna o altro Ateneo) e non si intende rinunciare, trasferirsi o effettuare un passaggio di corso.",C,True
"Per la prima selezione, quali TOLC -E sono validi per l'ammissione?",B.  I TOLC -E svolti tra il 1° gennaio 2023 e il 29 aprile 2024 compresi,B,True
Per quali studenti è possibile richiedere un tempo aggiuntivo del 50% durante la prova TOLC -E?,D. Studenti con invalidità civile e/o handicap ai sensi della L. 104/1992,D,True
Qual è il termine ultimo per la candidatura alla prima selezione per l'ammissione ai corsi?,"B. 30 aprile 2024, ore 13:00",C,False
Quando è possibile candidarsi per la seconda selezione per l'ammissione ai corsi di laurea?,"B. Dal 2 maggio 2024 al 15 luglio 2024, ore 13:00",B,True
"Qual è la data limite per il conseguimento del titolo di studio, se non è ancora stato conseguito al momento della candidatura?",D. 30 dicembre 2024,D,True
"Qual è la data limite per presentare un certificato di conoscenza della lingua italiana per la seconda selezione, se si è un cittadino non UE residente all'estero?",C. 08/07/2024,C,True
"Qual è il punteggio minimo TOLC-E, pesato secondo i criteri descritti, richiesto per la seconda selezione?",A. 6/36,A,True
"In caso di parità di punteggio nella graduatoria per un corso di studi, quale criterio viene utilizzato per stabilire la precedenza?","A. L'età anagrafica, con la persona più giovane che ha la precedenza.",A,True
"Secondo il bando, in quale data verrà pubblicata la graduatoria per la selezione straordinaria?",D. 2 ottobre 2024,D,True
"In quale delle seguenti situazioni un candidato otterrebbe la dicitura ""Idoneo"" nella graduatoria?",C.  Ha ottenuto un punteggio di almeno 6/36 ma non rientra nei posti disponibili.,C,True
Cosa succede se un candidato risulta “Vincitore” in una graduatoria per un corso di riserva ma non si immatricola a quel corso?,B. Può immatricolarsi al corso di riserva e dichiarare il proprio interesse allo spostamento nel corso di maggior interesse.,B,True
Quando è possibile dichiarare l'interesse al recupero per la seconda selezione?,B. Dal 25 luglio 2024 al 30 luglio 2024,B,True
Quando è possibile dichiarare l'interesse allo spostamento per la seconda selezione?,C. Dal 25 luglio 2024 al 30 luglio 2024,C,True
Qual è la data limite per attivare la carriera universitaria per gli studenti che hanno ottenuto un posto a seguito della seconda selezione?,A. 26 agosto 2024,C,False
Qual è la data limite per attivare la carriera universitaria dopo l'immatricolazione?,B. 28 febbraio 2025,B,True
"Secondo le informazioni fornite, entro quale data un studente deve richiedere il riconoscimento di precedenti carriere universitarie concluse?",B. 28 novembre 2024,B,True
"Per ottenere le agevolazioni sulla contribuzione studentesca in funzione dell'ISEE, quale periodo temporale di acquisizione dei CFU è considerato valido?",B. 01/08/2023 – 31/07/2024,C,False
In quale periodo è possibile richiedere il passaggio di corso per la selezione straordinaria?,D. Dal 2 ottobre 2024 al 7 ottobre 2024,D,True
"Per ottenere l'esonero totale o la riduzione della contribuzione studentesca, qual è il periodo temporale considerato per il calcolo dei CFU?",A. Dal 1° agosto 2023 al 10 agosto 2024,A,True
"In base al testo, entro quale data è possibile presentare domanda di trasferimento in uscita dall'ateneo di provenienza dopo l'immatricolazione?",A. Non esiste una data limite specifica per la presentazione della domanda di trasferimento in uscita.,D,False
"In quale periodo è possibile sostenere il TOLC a distanza (“TOLC@CASA”) per candidarsi al contingente “cittadini italiani, cittadini dell’Unione Europea, cittadini non -UE equiparati”?",A. Dal 1° gennaio 2023 al 31 dicembre 2023,A,True
Qual è l'importo fisso della contribuzione studentesca per l'iscrizione a un corso di studi all'Università di Bologna?,"C. 157,04 €",C,True
"Secondo il bando, quale criterio viene utilizzato per determinare il numero minimo di CFU richiesti per accedere ai benefici ER.GO?","C. L'anno di prima immatricolazione all'università, anche se avvenuta presso un altro ateneo.",C,True
In quale periodo l'Università di Bologna rimane chiusa per la chiusura estiva?,C. Dal lunedì 12 agosto al venerdì 16 agosto 2024,C,True
Quale tra questi servizi NON è offerto per gli studenti del corso di laurea in Sviluppo e Cooperazione Internazionale?,A. Servizi di orientamento,D,False
Quale risorsa è dedicata agli studenti con disabilità e DSA?,D. [Servizi per gli studenti con disabilità e con DSA](http://www.studentidisabili.unibo.it/),D,True
Quando gli studenti del secondo e terzo anno del corso di SVIC devono presentare il piano di studi?,B. Quando il piano didattico prevede un gruppo di scelta,B,True
"Secondo le informazioni fornite, in quale situazione è possibile sostenere un esame inserito nel piano di studi a gennaio, anche se le lezioni si svolgono nel secondo semestre?",B. Se l'esame è stato inserito nel piano di studi nel semestre precedente.,D,False
Quale delle seguenti informazioni NON è disponibile sul sito web del corso di laurea in Sviluppo e Cooperazione Internazionale?,C. I nomi dei docenti che insegnano nel corso,C,True
Quali informazioni riguardanti il corso di laurea in Sviluppo Cooperazione Internazionale sono disponibili sul sito web dell'Università di Bologna?,"D. Sistema di assicurazione di qualità, qualità del corso in cifre e informazioni sulle aule, laboratori e biblioteche.",D,True
Quale dei seguenti servizi NON è disponibile per gli studenti tramite il portale 'Servizi Online' dell'Università di Bologna?,C. AlmaEsami,D,False
Quale dei seguenti servizi NON è disponibile per gli studenti dell'Università di Bologna?,B. UniboImmagine,D,False
Quali sono le tre principali aree su cui si concentra la pagina per aiutare gli studenti a vivere al meglio durante il percorso universitario?,"A. Ridurre i costi, utilizzare i servizi e vivere al meglio",A,True
Quali tre piattaforme social vengono menzionate nel testo per seguire l'ateneo?,"D. Instagram, TikTok e YouTube",D,True
Quale delle seguenti app NON è menzionata come disponibile per gli studenti dell'Università di Bologna?,A. myUniBo,C,False
"A quale servizio dell'Università di Bologna puoi rivolgerti per ricevere informazioni su borse di studio, alloggi e mense?",B. ErGO – Ente Regionale per il Diritto allo Studio,B,True
Quale servizio universitario si occupa dell'assistenza agli studenti con disabilità o DSA?,A. Servizio per gli Studenti con Disabilità o con DSA,A,True
Quale servizio universitario offre supporto specifico per gli studenti che desiderano conciliare studio e carriera agonistica sportiva?,A. Servizio studente atleta,A,True
In quale giorno e orario è possibile incontrare il tutor di orientamento senza appuntamento?,C. Mercoledì 14.30-15.30,C,True
Dove si possono consegnare dei documenti presso l'ufficio di Filippo Re?,A. Via Zamboni 33 - 40126 Bologna BO,D,False
"Secondo Roberta, quale vantaggio principale offre il corso di SVIC?","D. Fornisce una panoramica su diversi ambiti (economico, politico, sociale, statistico) senza focalizzarsi su uno solo.",D,True
"Secondo gli studenti, quale aspetto del corso di SVIC è stato particolarmente apprezzato?",C. L'approccio interdisciplinare e la prospettiva non eurocentrica.,C,True
"Secondo gli studenti citati, quale tra questi corsi NON è stato menzionato come preferito?",D. Analisi territoriale,A,False
Quale dei seguenti servizi online NON è specificamente menzionato come disponibile per gli studenti dell'Università di Bologna?,C. AlmaEsami,A,False
Quale tra i seguenti servizi NON è menzionato come disponibile sul portale dell'Università di Bologna?,D. Servizio di supporto per la scrittura accademica,C,False
Quando è indicativamente possibile verificare gli importi delle tasse universitarie per l'anno accademico successivo?,B. Dal 25 luglio,B,True
Quando è indicativamente possibile verificare gli importi delle tasse universitarie per il nuovo anno accademico?,C. Dal 25 luglio,C,True
Quali sono le due app disponibili per gli studenti dell'Università di Bologna?,D. myAlmaOrienta e App Job Placement,D,True
Dove è possibile trovare i libri di testo necessari per i corsi universitari?,D. Nelle biblioteche dei Dipartimenti di Scienze Economiche e di Scienze Statistiche.,D,True
Quale delle seguenti opzioni NON è una risorsa disponibile per gli studenti che desiderano approfondire le opportunità di studio all'estero?,C. Semester @ Buenos Aires Campus,B,False
Quali sono le opportunità offerte agli studenti laureati in Sviluppo e Cooperazione Internazionale?,"A.  Prospettive lavorative, preparazione al mondo del lavoro, offerte di lavoro e la possibilità di trasformare un'idea in un progetto d'impresa.",A,True
Qual è la percentuale di laureati del corso di Laurea in Sviluppo e Cooperazione Internazionale che hanno svolto un'esperienza all'estero?,C. 37%,C,True
"Secondo i dati forniti, quale percentuale di laureati del corso di Sviluppo e Cooperazione Internazionale ha esperienza all'estero?",D. 37%,D,True
Quali elementi sono presenti nelle aule informatiche?,B. Immagini di aule informatiche e una descrizione della sede.,C,False
Quale dei seguenti servizi online è specificamente dedicato agli studenti dell'Università di Bologna?,D. AlmaEsami,D,True
Quale tra i seguenti servizi NON è disponibile tramite il portale di Ateneo dell'Università di Bologna?,D. UniboImmagine,C,False
Chi è responsabile della definizione delle modalità di elezione dei rappresentanti degli studenti?,D. Il Regolamento d’Ateneo,D,True
Quante app sono disponibili per gli studenti dell'Università di Bologna?,A. Quattro,A,True
Qual è il principale compito della Commissione di gestione AQ?,C. Supportare il Coordinatore nel presidio delle procedure di assicurazione di qualità e nella diffusione della cultura della qualità.,C,True
Quale professore ha pubblicato l'ultimo avviso riguardante un laboratorio sul tema 'Genere e Politica Internazionale'?,D. Raffaella Baritono,D,True
Quale docente ha pubblicato un avviso di sospensione di una lezione il 18 settembre 2024?,D. Fulvio Cammarano,D,True
Quando sono state pubblicate le esiti degli esami del 17 settembre 2024?,D. Il 2024-09-19,D,True
Quale docente ha pubblicato l'ultimo avviso relativo alla conversione dei voti degli scambi Erasmus?,A. Giampiero Giacomello,A,True
Quando è stato pubblicato l'ultimo avviso di Giulia Guazzaloca?,D. 2022-11-12,D,True
Quali sono i ruoli ricoperti dai professori associati menzionati nel testo?,D. Professori associati,D,True
Quali laboratori sono aperti a tutti gli studenti iscritti a SVIC senza necessità di iscrizione aggiuntiva?,A. I laboratori attivati dal corso SVIC,A,True
Quali sono i requisiti di ammissione per il programma di scambio con l'Università di Buenos Aires?,"A. Essere iscritti al secondo anno di laurea triennale al momento della domanda e al terzo anno durante il semestre a Buenos Aires, con almeno 45 crediti universitari.",A,True
Qual è il ruolo principale del Learning Agreement (LA) nell'ambito di un programma di scambio universitario?,C. Permette il riconoscimento degli esami sostenuti durante il corso di laurea presso l'università di destinazione.,C,True
Quale corso di laurea può essere sostituito con l'insegnamento di  'International economics (B.A.)' nel piano di studi CLEF?,D.  Non c'è insegnamento obbligatorio nel ssd SECS -P/01 nel piano didattico con cui effettuare la sostituzione. L'insegnamento del ssd SECS -P/01 è da scegliere nell'ambito delle attività a scelta autonoma dello studente che possono essere scelte tra le attività formative attivate in Scuola,A,False
Quale corso può riconoscere un massimo di 20 crediti di settore SECS - P/08?,A. Attività svolta con ateneo convenzionato SECS - P/08,C,False
"Quante crediti sono necessari per completare il corso di laurea in ""International Economics (B.A.)?""",B. 9 crediti,A,False
"Secondo il bando, in quale periodo accademico gli studenti che hanno partecipato al progetto Undergraduate di primo anno a Buenos Aires nell'anno accademico 2020-2021 possono candidarsi per uno o entrambi i semestri a Buenos Aires?",A. 2022/23,A,True
"Secondo il bando, quando è possibile per gli studenti del Corso di Laurea in Business and Economics che hanno partecipato al progetto di primo anno a Buenos Aires (2020-2021) svolgere entrambi i semestri a Buenos Aires?",C.  Dopo aver superato tutti gli esami del secondo anno prima del 22 agosto 2022,C,True
Quali sono i requisiti minimi di CFU necessari per poter partecipare alla selezione per il programma di studio nel primo semestre?,D. almeno 45 CFU,D,True
"Secondo il bando, quanti CFU devono essere conseguiti dagli studenti che intendono partecipare al progetto nel primo semestre?",C. almeno 45 CFU,C,True
Qual è il requisito minimo di CFU necessari per poter partecipare alla selezione per il secondo semestre?,C. 45 CFU,C,True
Quali certificazioni linguistiche sono accettate per dimostrare la conoscenza dell'inglese per partecipare al programma?,"D. CEFR dal livello B2, FCE, BEC Vantage, BEC Higher, IELTS (Academic) con un punteggio minimo di 5,5 su 9, TOEFL in corso di validità con punteggio minimo di 86 su 120 (se internet based), CAE, CPE, Diploma IB, titolo di High School o GCE conseguiti in lingua inglese (almeno il 50% degli insegnamenti del corso di studi devono essere impartiti in lingua inglese) o status di madrelingua inglese",D,True
Qual è il peso attribuito alla lettera motivazionale nella valutazione finale per l'ammissione al progetto?,B. 25%,B,True
"Secondo le indicazioni fornite dalla sede di Buenos Aires, quale azione è obbligatoria dopo il rientro per i partecipanti al programma?",B. Presentare la richiesta di riconoscimento degli esami e/o delle altre attività svolte all’estero.,B,True
"Secondo la tabella, qual è il voto argentino corrispondente a un voto italiano di 8,75?",D. 30,C,False
Qual è il documento necessario per ottenere il permesso di soggiorno (radicación transitoria) in Argentina?,B. Estratto del casellario giudiziale argentino (Certificado de carencia de antecedentes penales),B,True
Quale dei seguenti servizi NON è incluso nel kit di benvenuto per gli studenti che si recano a Buenos Aires?,B. Uno sconto per il servizio di trasporto dall'aeroporto alla città,D,False
Quale tra questi servizi online è specificamente menzionato come disponibile per gli studenti dell'Università di Bologna?,A. AlmaEsami,A,True
Quale dei seguenti servizi NON è disponibile tramite il portale di Ateneo di Bologna?,A. UniboImmagine,C,False
"Secondo il nuovo Regolamento per l'uso del Marchio dell'Ateneo, in quale situazione è consentito utilizzare il marchio in colore oro o argento sulla copertina della prova finale?",C. Se la copertina è di colore scuro,C,True
"Secondo le linee guida fornite, in quale situazione è consentito utilizzare il marchio di Ateneo in oro o argento sulla copertina della tesi?",B. Quando la copertina è di colore scuro.,B,True
In quale anno è stato fondato l'associazione degli ex studenti dell'Università di Bologna?,D. 2024,2004,False
Quale dei seguenti servizi NON è disponibile per gli studenti dell'Università di Bologna tramite il portale online?,D. AlmaEsami,C,False
Quale dei seguenti servizi NON è disponibile tramite il portale online dell'Università di Bologna?,D. IRIS - Archivio produzione scientifica,B,False
Qual è la situazione attuale riguardo agli eventi per il corso di laurea in Sviluppo Cooperazione Internazionale?,A. Non ci sono eventi nuovi al momento.,A,True
Quale dei seguenti servizi NON è disponibile per gli studenti dell'Università di Bologna tramite il portale online?,D. AlmaEsami,C,False
Quali sono le opzioni di mobilità internazionale disponibili per gli studenti del corso di laurea in Sviluppo e Cooperazione Internazionale?,"C. Erasmus+, semestri a Buenos Aires e stage in Italia",A,False
Quali sono le opzioni di mobilità internazionale offerte dal corso di laurea in Sviluppo e Cooperazione Internazionale presso l'Università di Bologna?,"A. Erasmus+, mobilità all'estero, semestre a Buenos Aires e tirocini all'estero",A,True
Quale tra queste NON è una modalità di verifica del raggiungimento dei risultati di apprendimento?,D. Esposizioni orali dei medesimi,A,False
Quale delle seguenti NON è una capacità che il laureato in questo corso è in grado di acquisire?,B. Condurre analisi dei dati relativi alle principali indagini economiche demografiche e sociali,B,True
"Quale abilità specifica è sviluppata tramite discussioni durante le attività didattiche frontali, approfondimenti su specifiche tematiche disciplinari e letture comparative di differenti sistemi giuridico-normativi?",B. Autonomia di giudizio,B,True
Quali sono le modalità principali per l'acquisizione delle abilità comunicative?,"B. Attraverso laboratori di comunicazione, la redazione della prova finale e, eventualmente, lo svolgimento del tirocinio e la sua relazione conclusiva.",B,True
Quali sono i requisiti minimi di crediti universitari necessari per partecipare al programma di scambio di studio a Buenos Aires?,B. almeno 45 crediti universitari,B,True
Qual è il numero massimo di crediti formativi (CFU) che un corso presso l'Università di Buenos Aires può avere rispetto a un corso equivalente nel piano di studi italiano?,"B.  Il testo afferma che se un corso a Buenos Aires ha più CFU rispetto al corso equivalente in Italia, la differenza può essere compensata con corsi opzionali nel piano di studi italiano.",A,False
A quale indirizzo di posta elettronica è possibile contattare il coordinatore del corso di laurea in Ingegneria?,D. cdl.ingegneriagestionale@unibo.it,D,True
"Quando si svolge la cerimonia di proclamazione per i laureati della sessione di laurea di luglio 2024 per i corsi di Servizio Sociale, Sviluppo e Cooperazione Internazionale, Scienze Politiche Sociali e Internazionali?",C. 22 luglio 2024,C,True
Qual è il costo aggiuntivo per la presentazione tardiva della domanda di laurea?,C. 100 euro,C,True
"Secondo le norme speciali per la prova finale delle lauree, quanti punti possono essere assegnati per la ""velocità"" nel completamento degli studi?",D. fino a un massimo di 3 punti,D,True
Quali informazioni specifiche riguardo al percorso di studi in Sviluppo e Cooperazione Internazionale si possono trovare sul sito web fornito?,"B.  Informazioni sul piano di studio, le opportunità di mobilità internazionale e le modalità di accesso al corso.",B,True
Qual è la data limite per completare gli OFA e non essere considerati studenti ripetenti per l'anno accademico 2023/24?,A. 31 marzo 2025,A,True
Quanti studenti sono risultati IDONEI/E alla prova scritta di OFA Lingua italiana SVIC/SPOSI il 20 marzo 2024?,D. 9,A,False
Quale tra le seguenti attività NON è organizzata dal Team del Tutorato per supportare gli studenti del corso di Sviluppo e Cooperazione Internazionale?,A.  Sportello settimanale con le Tutor,B,False
"Quali tipi di incontri vengono organizzati per gli studenti del Corso di Laurea in Scienze Politiche, Sociali e Internazionali per aiutarli nella stesura della tesi?",C. Incontri dedicati al supporto alla stesura della tesi.,C,True
Quante posizioni sono disponibili per l'insegnamento di 'Lingua e Linguistica Cinese I' nell'ambito delle attività a scelta libera del terzo anno?,A. 5,D,False
"Secondo il testo, è possibile sostenere gli esami di un corso di laurea senza frequentare le lezioni?","D. Sì, è possibile sostenere tutti gli esami senza frequentare le lezioni.",D,True
Quale tra le seguenti affermazioni descrive meglio l'approccio interdisciplinare del Corso di Laurea in Sviluppo e Cooperazione Internazionale?,"A. Il corso integra discipline economiche, storiche, giuridiche, politologiche, statistiche e sociologiche per analizzare i problemi di sviluppo locale e globale.",A,True
In che anno è stato introdotto il corso di studio?,C. 2011,C,True
Quale è il numero massimo di CFU riconoscibili per i tirocini curriculari?,C. 12,C,True
"In quale situazione è necessario sostenere un esame equivalente a quello previsto nel piano di studi originario, anche dopo il ritorno dall'estero?",A. Se l'esame non viene sostenuto durante il periodo di studi all'estero e fa parte del gruppo di esami obbligatori.,A,True
Quale delle seguenti affermazioni riguardo alla domanda di laurea è FALSA?,C. La domanda di laurea è valida per una sola sessione di laurea.,D,False
Qual è la data limite per la presentazione della domanda di laurea per la sessione di laurea di ottobre 2024?,A. 2 Settembre 2024,D,False
Quanto costa il corso universitario?,D. 100 euro.,A,False
"Secondo le norme redazionali attuali, qual è la dimensione del carattere consigliata per le note in una tesi di laurea presso l'Università di Bologna?",A. 10,A,True
Quale è lo scopo principale di questo documento?,"C. Fornire linee guida per la stesura dell'elaborato finale, inclusi i principali criteri redazionali e di citazione.",C,True
Quale delle seguenti affermazioni riguardo alla costruzione dell'indice provvisorio è corretta?,D.  È consigliabile iniziare a pensare all'indice sin dai primi passi della ricerca bibliografica per organizzare le idee e il lavoro successivo.,D,True
Quale elemento NON dovrebbe essere presente nell'introduzione di un saggio?,A. Una breve descrizione della metodologia da utilizzare.,D,False
Quale delle seguenti affermazioni riguardo all'utilizzo di grafici e figure in un saggio accademico è corretta?,B. È preferibile inserire due o più grafici/figure semplici piuttosto che uno complesso per una migliore leggibilità.,B,True
"Secondo le linee guida fornite, quale stile di carattere deve essere utilizzato per il testo principale della tesi?",A. Times New Roman,A,True
Quale delle seguenti affermazioni riguardo alla citazione di testi è corretta?,"B. È necessario citare sempre la fonte dei dati, anche se reperiti sul web.",B,True
"Secondo le linee guida fornite, come si dovrebbe citare una fonte normativa giuridica, come ad esempio una legge?",A.  legge n. 24 del 24 gennaio 1979,A,True
Quale laboratorio informatico dell'Università di Bologna offre accesso libero a tutti gli studenti iscritti alla Scuola di Scienze Politiche?,D. Laboratorio 1° piano,C,False
Quale dei seguenti servizi online è disponibile sia per studenti che per personale dell'Università di Bologna?,A. AlmaEsami,C,False
Quale dei seguenti servizi NON è disponibile tramite il Portale di Ateneo dell'Università di Bologna?,C. UniboImmagine,A,False
Quale dei seguenti servizi NON è offerto dallo Servizio DSA/Disabilità per gli studenti dell'Università di Bologna?,"B. Adattamento delle lezioni, come la registrazione delle lezioni o la fornitura di materiali in anticipo",C,False
"Per richiedere agevolazioni per sostenere gli esami di profitto, quanto preavviso è necessario fornire?",C. 15 giorni,C,True
"Quali informazioni aggiuntive, oltre a quelle legali, sono disponibili sul sito web?",A. Informazioni sul sito e accessibilità,A,True
Quando è possibile iscriversi all'appello orale del corso 'LABORATORI ZAMPONI MARIO' del 03 febbraio 2025?,D. Dal 04 gennaio 2025 al 29 gennaio 2025,D,True
In quale aula si terrà l'esame di 'Elementi di Statistica' condotto da Stefania Mignani?,A. Aula C S.P.V.,A,True
In quale aula si terrà l'esame orale del corso 'L'Africa nella storia politica internazionale' tenuto da Mario Zamponi?,D. aula 3 Palazzo Hercolani,D,True
In quale periodo è aperta la lista di iscrizioni per il corso  'LINGUA E CULTURA PERSIANA NOROZI NAHID'?,B. dal 23 settembre 2024 al 06 ottobre 2024,A,False
"Secondo le informazioni fornite, in quale periodo è possibile anticipare il tirocinio curriculare?","D. Tra il periodo estivo a termine del secondo anno, previa richiesta tramite piano cartaceo.",D,True
Quale tipo di tirocinio all'estero prevede una borsa di studio per la durata massima di tre mesi?,B. Erasmus Placement,B,True
Quale tra questi servizi è disponibile sia per studenti che per personale universitario?,A. AlmaEsami,D,False
Quale dei seguenti servizi NON è menzionato come disponibile per gli studenti dell'Università di Bologna?,A.  Concilium,D,False
In quale formato sono disponibili i calendari didattici per il corso di Laurea in Sviluppo e cooperazione internazionale?,B. PDF,B,True
"In base al testo fornito, in quale anno accademico è disponibile il calendario didattico?",A. 2024/25,A,True
In quale periodo si svolgeranno le lezioni del primo semestre?,A. Da lunedì 16.09.2024 a venerdì 20.12.2024,A,True
Quando si svolgerà la sessione di esami invernale per il corso di Laurea Magistrale in Interdisciplinary Research and Studies on Eastern Europe EAST EUROPEAN AND EURASIAN STUDIES (MIREES)?,D. Dal lunedì 8 gennaio 2024 al venerdì 26 gennaio 2024,B,False
Quale dei seguenti servizi NON è disponibile per gli studenti dell'Università di Bologna?,D. AlmaEsami,C,False
Quale dei seguenti servizi NON è disponibile per gli studenti dell'Università di Bologna?,C. U-Web Reporting - Reportistica Contabile Progetti,C,True
Quali sono i piani didattici disponibili per gli studenti immatricolati nell'anno accademico 2022-2023?,C. [Piano didattico per studenti immatricolati nell'a.a. 2024-25](https://corsi.unibo.it/laurea/SviluppoCooperazioneInternazionale/insegnamenti/piano/2024/8890/000/000/2024),A,False
Quale dei seguenti servizi NON è disponibile per gli studenti dell'Università di Bologna tramite il portale online?,B. AlmaEsami,D,False
Quale dei seguenti servizi NON è disponibile per gli studenti dell'Università di Bologna?,A.  Servizi bibliotecari,B,False
Quali piani didattici sono disponibili per gli studenti immatricolati nell'anno accademico 2022-2023?,A. [Piano didattico per studenti immatricolati nell'a.a. 2024-25](https://corsi.unibo.it/laurea/SviluppoCooperazioneInternazionale/insegnamenti/piano/2024/8890/000/000/2024),B,False
"Secondo il video, quale delle seguenti affermazioni descrive meglio l'obiettivo del corso?",D. Fornire agli studenti le competenze necessarie per comprendere e analizzare i fenomeni sociali.,D,True
Quale insegnamento del primo anno di corso ha un periodo di lezione che si estende dal 16 settembre 2024 al 24 maggio 2025?,C. INTRODUZIONE ALLA POLITICA INTERNAZIONALE,A,False
In quale periodo dell'anno accademico 2024/2025 si svolgono le lezioni del corso di 'LINGUA INGLESE'?,C. Dal 16/09/2024 al 20/12/2024,A,False
Quale insegnamento tra quelli elencati ha un periodo di svolgimento che comprende sia settembre che maggio?,A. DIRITTO DELL'UNIONE EUROPEA,A,True
Quale dei seguenti laboratori è offerto come opzione per il corso con codice 8890?,D. LABORATORIO: ANALISI TERRITORIALE,C,False
Quale insegnamento ha un periodo di svolgimento che comprende sia il periodo autunnale che quello primaverile del 2024?,B. DEMOGRAFIA,A,False
"Secondo il contesto fornito, qual è il tipo di valutazione prevista per l'insegnamento con codice 03568 nell'anno accademico 2024?",B. Prova finale,B,True
Quale insegnamento del primo anno di corso 'Sviluppo e Cooperazione Internazionale' ha un periodo di lezione che si estende dal 16 settembre 2024 al 24 maggio 2025?,A. [INTRODUZIONE ALLA POLITICA INTERNAZIONALE](https://www.unibo.it/it/studiare/dottorati-master-specializzazioni-e-altra-formazione/insegnamenti?codiceMateria=82186&annoAccademico=2024&codiceCorso=8890&single=True&search=True),A,True
Quale delle seguenti attività formative obbligatorie ha un periodo che si estende dal 16 settembre 2024 al 24 maggio 2025?,D. di base,D,True
Quale insegnamento tra quelli elencati ha un periodo di svolgimento che comprende sia settembre che maggio?,D. DIRITTO DELL'UNIONE EUROPEA,C,False
Quale dei seguenti laboratori ha un periodo di svolgimento che include l'intero mese di maggio 2025?,A. LABORATORIO: ECONOMIA DELLO SVILUPPO,D,False
Quale insegnamento obbligatorio del terzo anno di corso ha un arco temporale che comprende sia il periodo autunnale che quello primaverile?,D. DEMOGRAFIA,C,False
In quale periodo si svolgono le lezioni dell'insegnamento a scelta di 10 CFU?,C. Dal 16/09/2024 al 20/12/2024,C,True
Quale insegnamento ha un arco temporale di lezioni che si estende dal 16 settembre 2024 al 24 maggio 2025?,B. INTRODUZIONE ALLA POLITICA INTERNAZIONALE,A,False
Quale insegnamento ha un periodo di svolgimento che si estende dal 16 settembre 2024 al 24 maggio 2025?,B. LINGUA INGLESE,A,False
Quale insegnamento tra quelli elencati ha un periodo di svolgimento che comprende sia settembre che maggio?,D. SOCIOLOGIA DELLO SVILUPPO,A,False
Quale laboratorio tra quelli elencati ha un periodo di svolgimento che copre l'intero anno accademico 2024-2025?,D. LABORATORIO: ANALISI TERRITORIALE,B,False
Quale insegnamento ha un periodo di svolgimento che si estende dal 16 settembre 2024 al 24 maggio 2025?,B. DEMOGRAFIA,A,False
"Secondo il contesto fornito, quale tipo di valutazione è prevista per l'insegnamento con codice 03568 nell'anno accademico 2024?",C. Prova finale,C,True
Quale dei seguenti servizi online è specificamente menzionato come disponibile per gli studenti dell'Università di Bologna?,C. AlmaEsami,C,True
Quale dei seguenti servizi NON è disponibile tramite il portale di Ateneo dell'Università di Bologna?,B. UniboImmagine,D,False
Quale tra questi insegnamenti NON è elencato nell'orario delle lezioni del 1° anno del corso di laurea in Sviluppo e cooperazione internazionale?,A. Economia politica,D,False
"In che periodo accademico si svolge il corso ""Electromagnetic Propagation for Wireless Systems""?",D. September 2017 - 18 December 2017,D,True
"Quali informazioni aggiuntive, oltre a quelle sul trattamento dei dati personali, sono disponibili sul sito web?",B. Note legali e informazioni sul sito e accessibilità,B,True
Quale tra le seguenti attività di orientamento NON viene specificamente menzionata nel testo?,A.  Un incontro con i docenti del corso durante l'Open Day,C,False
In quale fascia oraria è possibile contattare il Servizio Orientamento telefonicamente il martedì?,B.  Dalle 9:00 alle 11:00,D,False
In quale giorno della settimana è possibile contattare l'ufficio di orientamento telefonicamente dalle 14:00 alle 15:00?,C. Lunedì e Giovedì,C,True
"Quale evento si concentra sui diritti umani, sulla solidarietà e sulla comunità?",D. Erasmus Placement - 22 aprile ore 16,A,False
"Quali sono le aree di conoscenza richieste per svolgere le funzioni del ruolo di 'Operatore Tecnico o Editoriale in Tematiche Politiche, Sociali e dello Sviluppo e Cooperazione Internazionale'?",D.  Conoscenze nelle aree economico-statistico e capacità e abilità di tipo specialistico in ambito socio-politologico.,D,True
"Quali sono le principali aree di specializzazione richieste per un Tecnico Operatore in Politiche e Programmi di Peacekeeping, Peace-Building e Peace-Maintaining?","A. Conoscenze in ambito economico, statistico, sociale e giuridico-politologico.",A,True
Quale ente è responsabile della progettazione e dello sviluppo del sito web del Corso di Studi dell'Università di Bologna?,A. Settore Portale d'Ateneo – Artec e Settore tecnologie web - Cesia,A,True
"In quale delle seguenti situazioni l'Ateneo riconosce la formazione specifica sulla sicurezza (Moduli 2, 3, 4) già svolta presso un'altra istituzione?","B. Mai, l'Ateneo riconosce la formazione specifica solo se svolta all'interno dell'Università di Bologna.",B,True
Quali informazioni riguardanti il corso di Sviluppo e Cooperazione Internazionale (SVIC) si possono trovare sul sito web fornito?,"D. Piano di studio, sbocchi professionali, didattica e opportunità",D,True
Qual è la data limite per l'assolvimento degli OFA per gli studenti iscritti all'anno accademico 22/23?,C. 31 marzo 2024,C,True
Quale tra questi servizi online è disponibile sia per gli studenti che per il personale dell'Università di Bologna?,A. AlmaEsami,A,True
Quale dei seguenti servizi NON è disponibile tramite il portale di Ateneo di Bologna?,A.  UniboImmagine,C,False
"In base al testo fornito, in quale mese è prevista la pubblicazione della prossima edizione della newsletter SVIC?",C. Settembre,A,False
In quale mese è stata pubblicata la prima edizione della newsletter di SVIC?,C. Febbraio 2024,D,False
In quale periodo si svolge lo sportello settimanale di supporto per il corso SVIC?,D. Ogni mercoledì dalle 14.30 alle 15.30,D,True
Quale è il codice fiscale dell'Università di Bologna?,C. 80007010376,C,True
"Quale dei seguenti servizi online è specificamente dedicato agli studenti della facoltà di ""Sviluppo e cooperazione internazionale""?",D. AlmaEsami,D,True
Quale dei seguenti servizi NON è disponibile tramite il Portale di Ateneo dell'Università di Bologna?,C. UniboImmagine,D,False
Quale ufficio si occupa della gestione delle pratiche amministrative relative alla carriera degli studenti iscritti al Corso?,B. La Segreteria studenti,B,True
"Quale ufficio dell'università si occupa della gestione delle iscrizioni, dei cambi di corso e dei trasferimenti da e verso altri atenei?",B. Segreteria studenti,B,True
In quale orario è possibile contattare telefonicamente l'Ufficio mobilità per tirocinio?,"C. Lunedì 9-12, Martedì 9-12, Mercoledì 9-12, Giovedì 9-12, Venerdì 9-12",A,False
Quale informazione NON è disponibile sul sito web del corso di laurea in Sviluppo e Cooperazione Internazionale?,C. Le note legali dell'Ateneo,A,False
"Secondo le informazioni fornite, in quale situazione un studente può modificare il piano di studi?",A. Se intende laurearsi a partire dal primo appello estivo successivo.,A,True
"Quando è necessario attivare la carriera per poter usufruire dei servizi dell'Ateneo, come l'accesso alla rete Wi-Fi e alle risorse bibliotecarie online?",D. Entro il 28 febbraio 2025,D,True
Quando è necessario attivare la carriera universitaria per accedere ai servizi online e compiere azioni come la prenotazione degli esami?,A. Entro il 28 febbraio 2025,A,True
Qual è la data limite per inviare la ricevuta della richiesta del permesso di soggiorno alla Segreteria studenti internazionali dopo aver ricevuto il certificato di iscrizione?,C. Non specificato nel testo,C,True
In quale fascia oraria è possibile incontrare il tutor per il Corso di Studio Sviluppo Cooperazione Internazionale tramite lo sportello online di ricevimento settimanale?,D. Ogni mercoledì dalle 14.30 alle 15.30,D,True
"Quanto dura il TOLC-E, uno dei tipi di TOLC previsti per l'accesso a questo Corso?",A. 1 ora e 30 minuti,A,True
Quanto costa l'iscrizione al TOLC-E?,B. € 30,B,True
"Per gli studenti non-UE residenti all'estero che non hanno partecipato ad altre prove TOLC, quando è prevista una data aggiuntiva per il TOLC-E?",B. Nel mese di settembre (data in corso di definizione),B,True
Quale percentuale di studenti della coorte 2021/2022 proveniva da istituti tecnici?,A. 14.3%,B,False
Qual è la percentuale di studenti che hanno abbandonato gli studi tra il primo e il secondo anno accademico nel corso 2021/2022?,A. 13%,A,True
"Secondo i dati AlmaLaurea del 2023, quale percentuale di laureati di questo corso lavora e prosegue gli studi?",D. 54.9%,C,False
"Qual è la percentuale di studenti che lavorano e continuano gli studi in questo corso, rispetto alla percentuale media per corsi della stessa classe in Italia?",B. 57.6% contro il 52.5%,B,True
"Qual è la percentuale di studenti che lavorano e continuano gli studi per questo corso, rispetto alla percentuale media per corsi della stessa classe in Italia?",C. 57.6% contro il 52.5%,C,True
Quale tra i seguenti servizi online è specificamente menzionato come disponibile per gli studenti dell'Università di Bologna?,D. AlmaEsami,D,True
Quale tra questi servizi NON è disponibile tramite il portale di Ateneo dell'Università di Bologna?,B. UniboImmagine,C,False
"Secondo i dati forniti, a quale anno si riferiscono le informazioni sugli esami e il voto medio conseguito nel corso di laurea in Sviluppo e cooperazione internazionale?",B. All'anno precedente,B,True
Quale tra questi insegnamenti ha registrato il numero più alto di esami sostenuti nell'anno precedente?,A. GEOGRAFIA DELL'AMBIENTE E DELLO SVILUPPO SOSTENIBILE,C,False
Quale tra i seguenti corsi universitari ha il maggior numero di studenti iscritti?,D. ECONOMIA DELL'AMBIENTE,C,False
Quali informazioni aggiuntive sono disponibili sul sito web di cui si parla nel testo?,B. Note legali e informazioni sul sito e accessibilità,B,True
Quale delle seguenti affermazioni riguardo al tirocinio curriculare nel Corso di Laurea in Sviluppo e Cooperazione Internazionale è FALSA?,C. Il tirocinio curriculare può essere svolto sia in Italia che all'estero.,A,False
"Secondo le istruzioni fornite, quale modulo di formazione sulla sicurezza è obbligatorio per tutti i tirocinanti presso l'Ateneo?",A. Entrambi i moduli (Modulo 1 e Modulo 2),C,False
"Secondo le istruzioni fornite, quale azione è obbligatoria prima che il tirocinio possa iniziare?",D.  Firmare online il programma di tirocinio da parte di tutti i soggetti coinvolti e scaricare il registro presenze.,D,True
Quale documento fornisce informazioni specifiche su come proporre un tirocinio per aziende o enti?,A. FAQ Studenti,A,True
"Secondo il bando Erasmus+ Mobilità per Tirocinio a.a. 2024/25, qual è l'importo mensile della borsa di mobilità per uno studente che sceglie di svolgere il tirocinio in Germania?",D. 500 euro,D,True
"Secondo il bando Erasmus+ Mobilità per Tirocinio a.a. 2024/25, quale condizione è necessaria per ottenere l'integrazione finanziaria di €250 mensili?","A. Presentare la certificazione ISEE 2024 (o documentazione equivalente per studenti internazionali) con prestazioni per il diritto allo studio universitario fino a €27.000,00.",A,True
"Secondo il bando Erasmus+ Mobilità per Tirocinio a.a. 2024/25, entro quale data devono essere completati i tirocini da neolaureati?",C. 31 luglio 2025,C,True
"Secondo il bando Erasmus+ Mobilità per Tirocinio a.a. 2024/25, quale delle seguenti affermazioni riguardo alle esperienze di mobilità precedenti è corretta?","D. Le esperienze di mobilità precedenti nell'ambito del Programma Erasmus+, incluse quelle da neolaureato, vengono considerate per il conteggio del periodo massimo di 12 mesi di mobilità previsti per ogni ciclo.",D,True
"Secondo il bando Erasmus+ Mobilità per Tirocinio a.a. 2024/25, quando è possibile iniziare la mobilità per gli studenti che si candidano su “carriera futura”?",B. A partire da gennaio 2025,B,True
"Secondo il bando Erasmus+ Mobilità per Tirocinio a.a. 2024/25, entro quale data devono essere registrate tutte le attività formative per essere considerate nel calcolo del punteggio di valutazione della carriera?",B. 29 maggio 2024,B,True
Quali sono le spese che l'Università di Bologna NON copre per gli studenti in mobilità?,B. Visto e assistenza sanitaria,B,True
In che giorni e orari si tiene il corso?,B. Mercoledì e venerdì dalle 10:00 alle 12:00,D,False
Quale delle seguenti informazioni NON è disponibile per gli studenti del corso di laurea in Sviluppo e Cooperazione Internazionale?,C.  I requisiti e le scadenze per la prova finale di laurea,A,False
Quale delle seguenti opzioni NON è disponibile per gli studenti del corso di laurea in Sviluppo e Cooperazione Internazionale?,C. Trasferirsi ad un altro Ateneo,C,True
Quale dei seguenti servizi NON è disponibile per gli studenti dell'Università di Bologna?,D. Ottenere lo status di studente-atleta,A,False
In quale periodo gli studenti possono presentare il proprio piano di studi per l'anno accademico 2024/25?,B. Dal 30 settembre al 22 novembre 2024 e dal 3 febbraio al 21 marzo 2025,B,True
"Secondo le informazioni fornite, quando uno studente di scambio deve caricare il Learning Agreement (LA) sul portale AlmaRM se arriva al secondo semestre?",D. Prima della fine di gennaio,D,True
"Secondo le informazioni fornite, entro quando un studente in arrivo nel secondo semestre dovrebbe caricare il Learning Agreement (LA) sul portale AlmaRM?",A. Prima della fine di gennaio,A,True
Dove verranno inviate le informazioni relative al periodo di scambio?,C. Al tuo account istituzionale,C,True
Qual è l'importo mensile del contributo finanziario per gli studenti Erasmus+ che si recano in un paese dell'UE e la cui durata di permanenza è di 30 giorni?,D. € 250,D,True
Quale contributo aggiuntivo verrà erogato agli studenti che raggiungono l'ateneo ospitante in treno o in autobus?,"A. Un contributo aggiuntivo, con dettagli forniti nella guida 2024-25 per studenti vincitori.",A,True
Qual è il requisito linguistico minimo richiesto per partecipare a un programma Erasmus+?,A. Livello A2 del CEFR,A,True
Qual è il punteggio massimo che un docente può assegnare a uno studente nella valutazione della candidatura per un programma di scambio Erasmus?,A. 40 punti,A,True
Quando gli studenti vincitori del programma Erasmus devono accettare il posto assegnato?,"A. Mercoledì 13 marzo 2024, ore 13:00",A,True
"Quanto tempo, in giorni lavorativi, trascorre di norma tra l'inserimento dell'offerta di tirocinio e la conferma per l'inizio dell'attività?",C. 15,C,True
Quale è l'obiettivo principale del corso di DSA?,B. Fornire agli studenti una solida conoscenza degli algoritmi e delle strutture dati fondamentali.,D,False
"Quale dei seguenti è un vantaggio **essenziale** di frequentare le lezioni, soprattutto per gli insegnamenti di carattere pratico?",C. Essere presenti e attivi in prima persona,C,True
In quale fascia oraria è possibile incontrare il personale di supporto allo sportello online di ricevimento settimanale?,B. Ogni mercoledì dalle 14:30 alle 15:30,B,True
Quali laboratori sono consigliati per gli studenti iscritti al secondo anno di corso?,"D. Organizzazione e gestione del tempo di studio, Strategie di apprendimento, Gestione dell'esame",C,False
"A quale referente dovrai rivolgerti per ottenere informazioni generali su ammissioni, esami e orari del corso?",C. Elisa Menegon,C,True
"Quante volte viene ripetuta l'espressione ""Hai bisogno di chiarimenti"" nel testo fornito?",C. 25,A,False
Qual è l'indirizzo email fornito per contattare il docente in caso di dubbi?,C. elisa.menegon2@unibo.it,C,True
Qual è l'indirizzo email fornito per contattare il docente per chiarimenti?,C. elisa.menegon2@unibo.it,C,True
Qual è l'indirizzo email fornito per contattare il docente per chiarimenti?,C. elisa.menegon2@unibo.it,C,True
Quale indirizzo email viene fornito come punto di contatto per richieste di chiarimenti?,D. elisa.menegon2@unibo.it,D,True
Quale dei seguenti servizi online è specificamente menzionato come disponibile per gli studenti dell'Università di Bologna?,A. AlmaEsami,A,True
Quale dei seguenti servizi NON è disponibile tramite il portale di Ateneo dell'Università di Bologna?,A. Archivio produzione scientifica IRIS,A,True
Quante persone circa sono impegnate annualmente nella realizzazione dei progetti di cooperazione internazionale non governativa?,C. 6.000,C,True
Quale obiettivo principale ha il progetto “Lavorare nel mondo” gestito dall’SISCOS?,B. Facilitare il contatto tra persone interessate alla cooperazione internazionale e le ONG che cercano personale.,B,True
Quali sono gli ambiti di intervento del Corso per il miglioramento continuo?,"A. La progettazione dei contenuti formativi, l'organizzazione delle attività formative, la raccolta di dati e informazioni e il monitoraggio dell'efficacia del percorso formativo.",A,True
"Quando è possibile presentare domanda per il riconoscimento dello status ""Studente-Atleta"" presso l'Università di Bologna?",A. Fino al 31 ottobre,A,True
"Quando è possibile presentare domanda per il programma ""Studente-Atleta"" all'Università di Bologna?",D. Fino al 31 ottobre,D,True
"Quando si terrà il webinar intitolato ""SLIDING DOORS: una scelta può stravolgere la tua vita!"",?",C. 27 settembre 2024,C,True
In quale anno è stato creato il sito web dell'associazione degli ex studenti dell'Università di Bologna?,C. 2024,C,True
"Quando è previsto l'evento ""AI Video Contest""?",B. Entro il 20 settembre,B,True
"Quando è possibile presentare domanda per ottenere il riconoscimento dello status ""Studente-Atleta"" presso l'Università di Bologna?",D. Entro il 31 ottobre,D,True
Quando è possibile richiedere il contributo per le spese di affitto?,B. Entro il 6 settembre,B,True
Quando è possibile presentare domanda per il bando ER.GO - Azienda regionale per il diritto agli studi superiori?,A. Entro il 13 settembre,A,True
A chi sono rivolti i Premi di studio Unibo for Refugees?,"B. A studenti che hanno già ottenuto una borsa di studio ER.GO, UNICORE o CRUI per l'a.a. 2023/24",B,True
Quale evento si terrà il 17 aprile 2024 presso l'Auditorium DAMSLab?,C. [Inside Mediaset: il workplace oltre lo schermo],C,True
Quale evento si terrà online il 4 aprile 2024?,D. Call for players,D,True
Quale dei seguenti servizi NON è disponibile per gli studenti dell'Università di Bologna tramite il portale online?,A. AlmaEsami,D,False
Quando si aprono le iscrizioni alla SELEZIONE STRAORDINARIA per l'accesso al CdS SVIC per l'anno accademico 2024-2025?,C. Il 10 settembre 2024,C,True
Quando si aprono le iscrizioni alla SELEZIONE STRAORDINARIA per l'accesso al CdS SVIC per l'anno accademico 2024-2025?,D. 10 settembre 2024,D,True
Quale dei seguenti servizi NON è disponibile per gli studenti dell'Università di Bologna tramite il portale online?,C. AlmaEsami,B,False
Quale dei seguenti servizi NON è disponibile per gli studenti dell'Università di Bologna?,D. IRIS - Archivio produzione scientifica,A,False
Quando sono aperte le selezioni straordinarie per l'accesso al CdS SVIC per l'anno accademico 2024-2025?,C. Dal 10 settembre al 19 settembre 2024,C,True
A quale categoria di cittadini è riservata la selezione straordinaria per i corsi di laurea a numero programmato indicati nel testo?,"B. Cittadini italiani, cittadini dell'Unione Europea, cittadini non-UE equiparati e cittadini non-UE residenti all'estero che devono concorrere con cittadini dell'UE",B,True
"Secondo il bando di ammissione A.A. 2024/2025, entro quale data i cittadini non-UE residenti all'estero devono presentare il certificato di conoscenza della lingua italiana?",B. 16/09/2024,B,True
"Secondo il bando di ammissione A.A. 2024/2025, entro quale data è necessario immatricolarsi, in caso di vittoria in graduatoria o recupero?","C. Entro i termini perentori indicati nei paragrafi 4.7, 4.8 e 4.9 del bando",C,True
Quale dei seguenti servizi online è disponibile sia per gli studenti che per il personale dell'Università di Bologna?,C. AlmaEsami,C,True
Quale dei seguenti servizi NON è menzionato come disponibile per gli studenti dell'Università di Bologna?,D.  Concilium,A,False
Quando è stato pubblicato l'annuncio sul portale dell'Università di Bologna riguardante l'opinione degli studenti sulla qualità dei servizi?,C. 20 maggio 2024,C,True
Su quali aspetti dell'università gli studenti sono invitati a fornire il loro feedback?,"C. Attività didattiche, diritto allo studio, comunicazione e servizi dell'Ateneo, aule e spazi",C,True
In quale anno è stato registrato il copyright per il sito web?,C. 2024,D,False
Quando è possibile presentare domanda per i contributi per le spese sanitarie per gli studenti fuori sede dell'Università di Bologna?,C. 11 luglio,C,True
Quando è possibile richiedere il voto fuori sede per le elezioni europee del 2024?,A. Entro il 3 giugno,A,True
Chi modererà la sessione di discussione durante l'evento?,A. Prof. Roberto Fanfani,A,True
"In quale data e ora si terrà il seminario ""Il tema agroalimentare interamericano""?","C. 2 ottobre 2024, dalle 16:30 alle 18:30",C,True
Chi introdurrà il tema del 'Sistema Agroalimentare Interamericano' durante l'evento?,B. Prof. Patricio Dellagiovanna,A,False
Quale dei seguenti servizi online NON è specificamente menzionato come disponibile per gli studenti dell'Università di Bologna?,C. AlmaEsami,B,False
Quale dei seguenti servizi NON è disponibile tramite il portale di Ateneo di Bologna?,D. UniboImmagine,C,False
"Quando è stato pubblicato il percorso formativo ""LA MOSSA ANTIRAZZISTA - percorso formativo sulla comunicazione interculturale""?",C. 10 aprile 2024,C,True
"Dove si svolgeranno le lezioni frontali del progetto ""LA MOSSA ANTIRAZZISTA""?","C. Facoltà di Scienze Politiche, in Strada Maggiore, 45",C,True
"Quando si svolge il percorso formativo ""La Mossa Antirazzista""?",B. Dal 22 aprile al 31 maggio,A,False
"Quale tra i seguenti argomenti NON è trattato nel corso ""LAMOSSA ANTIRAZZISTA""?",D.  Il principio di non discriminazione in ambito europeo,C,False
Quale tra i seguenti servizi online NON è specificamente menzionato come disponibile per gli studenti dell'Università di Bologna?,D. AlmaEsami,C,False
Quale dei seguenti servizi NON è disponibile per gli studenti dell'Università di Bologna?,D. Cedolini web,C,False
"Quando si terrà la Masterclass ""Generative AI for everyday life and academic research""?",A. 9 e 10 settembre 2024,A,True
"Quando si terr\u00E0 la Masterclass ""Generative AI for everyday life and academic research""?",A. 9 e 10 settembre 2024,A,True
Quale delle seguenti app NON è menzionata come disponibile per gli studenti dell'Università di Bologna?,B. myUniBo,D,False
"In quale periodo si svolgerà la Masterclass ""Generative AI for everyday life and academic research""?",B. 9 e 10 settembre 2024,B,True
Quale argomento NON sarà trattato durante la tavola rotonda 'Intelligenza artificiale generativa e disinformazione'?,C.  L'impatto dell'intelligenza artificiale sulla sostenibilità ambientale,C,True
Quando è possibile presentare domanda per l'accesso al CdS SVIC per l'anno accademico 2024-2025 tramite selezione straordinaria?,A. Dal 10 settembre al 19 settembre 2024,A,True
"Quando è possibile presentare domanda per ottenere il riconoscimento dello status ""Studente-Atleta"" all'Università di Bologna?",D. Entro il 31 ottobre,D,True
Quale dei seguenti servizi online è specificamente menzionato come disponibile per gli studenti dell'Università di Bologna?,D. AlmaEsami,D,True
Quale tra questi servizi NON è disponibile tramite il portale personale dell'università?,D.  UniboImmagine,C,False
Quando si terranno le Giornate dell'Orientamento per discutere delle agevolazioni per studenti lavoratori o atleti?,A. Il 27 e 28 febbraio,A,True
In quale fascia oraria si svolge l'evento online dedicato alla conciliazione tra studio e lavoro?,D. 15.30-16.00,D,True
"Quali sono le app disponibili per gli studenti dell'Università di Bologna, secondo il testo fornito?","A. myUniBo, myAlmaOrienta, App Job Placement e App Alumni",A,True
Quale dei seguenti servizi NON è disponibile per gli studenti dell'Università di Bologna tramite il portale online?,D. AlmaEsami,C,False
Quale dei seguenti servizi NON è disponibile agli studenti dell'Università di Bologna?,C. U-Web Reporting - Reportistica Contabile Progetti,C,True
"Quando è stata annullata la lezione di  ""L'Africa nella storia politica internazionale""?",A. 21/05,D,False
Quale delle seguenti app NON è menzionata nel testo come disponibile all'interno dell'Università di Bologna?,B. App di gestione delle biblioteche,B,True
"Quale tema specifico verrà affrontato durante il Bologna Peacebuilding Forum 2024, secondo il direttore dell'AP, Mikhail Silvestro Sustersic?",A. Come risolvere i conflitti in modo non violento e quali sono i limiti e le opportunità future delle strategie attuali di mediazione.,A,True
Qual è la missione principale dell'Agenzia per il Peacebuilding (AP)?,"B. Promuovere condizioni per risolvere i conflitti, ridurre le violenze e costruire una pace duratura in Europa, nel suo vicinato e nel mondo.",B,True
In quale periodo si svolgerà la sesta edizione del Bologna Peacebuilding Forum?,B. Dal 15 al 17 maggio 2024,B,True
Quando e dove si terrà la riunione informativa sugli scambi Erasmus per il Dipartimento di Scienze Statistiche?,"B. Mercoledì 17 gennaio 2024 alle 10 in Aula 3, Dipartimento di Scienze Statistiche, Via Belle Arti 41 (Bologna)",B,True
Quando si terrà la riunione informativa sul bando Erasmus+ 2024/25?,B. Dal 17 al 18 gennaio 2024,C,False
Quale tra questi servizi NON è disponibile per gli studenti dell'Università di Bologna?,C. AlmaEsami,B,False
Quando e dove si terrà l'evento “L’economia etica di fronte al progresso”?,"C. 13 marzo 2024 dalle 18:00 alle 19:00 in Piazza Coperta di Biblioteca Salaborsa, Bologna",C,True
"Quale argomento sarà trattato durante l'evento ""GenerAzioni: la ricerca incontra la città"" del 13 marzo 2024?",C. La Finanza Green,C,True
Quale standard di formattazione per gli eventi è utilizzato nel testo fornito?,B. vCalendar,D,False
Qual è il modo principale per iscriversi al webinar su Scienze dell'educazione permanente e della formazione continua?,A. Utilizzando il QR code nella locandina o il link fornito.,A,True
Quali sono le figure professionali a cui si rivolge il corso di Laurea Magistrale in “Scienze dell’Educazione Permanente e della Formazione Continua”?,"C. Agenzie di formazione professionale, enti del terzo settore, agenzie di consulenza alle imprese, agenzie per il lavoro, uffici HR di aziende pubbliche e private",B,False
Quale tra queste NON è una delle aree in cui il corso di formazione professionale si propone di innovare?,B.  L'offerta di servizi per il lavoro,A,False
In quale data è prevista la presentazione del corso di laurea in Scienze dell'educazione permanente e della formazione continua?,B. 2024-09-12,A,False
Entro quale data è possibile presentare nuove richieste di tirocinio tramite l'Applicativo Tirocini per assicurarsi che vengano gestite prima della chiusura estiva degli uffici?,C. 02 agosto 2024,C,True
Quale servizio online è dedicato specificamente alla gestione delle tesi di laurea?,D. Tesi online,D,True
Quale dei seguenti servizi NON è disponibile tramite il portale di Ateneo dell'Università di Bologna?,A.  UniboImmagine,C,False
Quando sono state pubblicate le finestre per la compilazione del piano di studi per l'anno accademico 2024-2025?,A. 02 luglio 2024,A,True
Quando sono aperte le finestre per la compilazione del piano di studi per l'anno accademico 2024-2025?,A.  Attualmente,A,True
Cosa suggerisce il testo in merito alla successiva azione da intraprendere?,B. Ritornare indietro,D,False
"Secondo il Professore Pegoraro, quale elemento costituisce il nucleo duro di una proposta alternativa di costituzione transnazionale?","A. Valori come la comunità, la solidarietà e la fraternità",A,True
"Secondo Lucio Pegoraro, quale elemento costituisce un punto debole dell'approccio universalistico al diritto pubblico?","D. La sua base sui diritti fondamentali e umani, che secondo Pegoraro contribuisce all'attacco al pluralismo sociale e culturale.",D,True
In quale anno si terrà l'evento 'BLOWS AGAINST THE EMPIRE’ - Una chiacchierata con il Professore Lucio Pegoraro?,A. 2021,D,False
Quale dei seguenti servizi online è specificamente dedicato alla gestione degli esami per gli studenti dell'Università di Bologna?,C. AlmaEsami,C,True
A quale tipo di studenti è rivolto il seminario laboratoriale 'Developing presence and engagement for international speeches: acting techniques for non-actors'?,"A. Studenti di SVIC, EPOS e SPOSI",A,True
"A quale tipo di studenti è rivolto il seminario ""Developing presence and engagement for international speeches: acting techniques for non-actors""?","C. Studenti di SVIC, EPOS e SPOSI",C,True
"A chi è rivolto il seminario ""Developing presence and engagement for international speeches: acting techniques for non-actors""?","C. A tutti gli studenti di SVIC, EPOC e SPOSI previa iscrizione",C,True
In che aula si terrà il seminario laboratoriale 'Developing presence and engagement for international speeches: acting techniques for non-actors'?,C. Aula Ruffilli – Palazzo Hercolani – Strada Maggiore 45 - Bologna,C,True
Quale dei seguenti servizi online NON è specificamente menzionato per gli studenti dell'Università di Bologna?,B. IRIS - Archivio produzione scientifica,C,False
Quale dei seguenti servizi NON è elencato come disponibile per gli studenti dell'Università di Bologna?,D. UniboImmagine,C,False
Quando e dove si terrà l'evento 'SLIDING DOORS: una scelta può stravolgere la tua vita!'?,"D. 27 settembre 2024 dalle 15:00 alle 17:00, aula 8 del Teaching Hub-Campus di Forlì",D,True
Quale tra le seguenti informazioni NON viene fornita durante l'incontro di orientamento al lavoro sul terzo settore?,B.  Dati di placement e opportunità lavorative nel terzo settore,C,False
Quale organizzazione è responsabile del placement degli studenti laureati nel corso di App Job Placement?,A. App Alumni,C,False
"In che aula si terrà l'incontro ""SLIDING DOORS: una scelta può stravolgere la tua vita!""?",B. aula 8 del Teaching Hub-Campus di Forlì,B,True
Quale dei seguenti servizi NON è disponibile per gli studenti dell'Università di Bologna?,C. AlmaEsami,B,False
Quando riprenderanno regolarmente le lezioni del corso LABORATORIO DI ECONOMIA (5 cfu) dopo l'annullamento di oggi?,B. 10 aprile 2024,B,True
Quando riprenderanno regolarmente le lezioni di LABORATORIO DI ECONOMIA?,D. 10 aprile,D,True
Quale evento dedicato all'Erasmus+ si terrà il 26 gennaio 2024?,A. Erasmus Caffè: presentazione bando e testimonianze,A,True
Quale delle seguenti figure NON sarà presente all'incontro di benvenuto per gli studenti del primo anno del Corso di Sviluppo Cooperazione Internazionale?,D. Roberto Impicciatore,A,False
Quando e dove si terrà l'incontro di benvenuto per gli studenti del primo anno di SVIC?,"C. Mercoledì 2 ottobre alle 17:00, nell'Aula Poeti (Palazzo Hercolani) e online su Teams",C,True
Quando si terrà il Welcome Day per gli studenti di primo anno del corso di Sviluppo Cooperazione Internazionale?,"C. 2 ottobre 2024, dalle 17:00 alle 18:30",C,True
Quale evento si terrà il 27 settembre 2024 a Bologna?,"C. Tour guidati e AperiScienza, aspettando la Notte Europea dei Ricercatori",C,True
"Quale evento si svolge online e offre un'esperienza formativa di 8 ore con casi pratici, focalizzata sulle tecniche di raccolta fondi per organizzazioni non profit?",A. FundraisingDay,A,True
Quale dei seguenti servizi online NON è specificamente menzionato come disponibile per gli studenti dell'Università di Bologna?,D. AlmaEsami,C,False
Quale dei seguenti servizi NON è menzionato come disponibile per gli studenti dell'Università di Bologna?,A.  Concilium,D,False
Quando si terranno le Giornate dell'Orientamento online per discutere dell'iscrizione all'università?,C. Il 27 e 28 febbraio,C,True
In quale fascia oraria si svolge l'incontro su come prepararsi ai test di ammissione all'università?,C. 15.30 - 16.00,C,True
Quale delle seguenti app NON è menzionata come disponibile per gli studenti dell'Università di Bologna?,B. myUniBo,A,False
Quale dei seguenti servizi NON è disponibile per gli studenti dell'Università di Bologna tramite il portale online?,B. AlmaEsami,C,False
Quale dei seguenti servizi NON è disponibile per gli studenti dell'Università di Bologna?,A.  IRIS - Archivio produzione scientifica,C,False
Quando è scaduta la possibilità di richiedere i Premi di studio Unibo for Refugees per l'anno accademico 2023/24?,C. 8 agosto,C,True
Quale delle seguenti app NON è menzionata come disponibile all'interno dell'Università di Bologna?,C. myUniBo,D,False
Quale dei seguenti servizi online NON è specificamente menzionato come disponibile per gli studenti dell'Università di Bologna?,D. AlmaEsami,B,False
Quando scade il bando per partecipare al Servizio Civile?,C. Le ore 14 del 15 febbraio 2024,C,True
Quando scade il bando per partecipare al Servizio Civile?,C. Le ore 14 del 15 febbraio 2024,C,True
"Quale evento alternativo è proposto per la lezione di ""L'Africa nella storia politica internazionale"" annullata il 9 aprile?","B. Una conferenza su ""Il Sudafrica a trent'anni dalla apartheid – sfide interne e internazionali""",B,True
Dove si terrà il ciclo di incontri intitolato 'Il Sudafrica a trent'anni dalla apartheid: sfide interne e internazionali'?,A. Sia in presenza all'Accademia delle Scienze di Bologna che online tramite un link dedicato.,A,True
Quando si terrà la cerimonia di proclamazione delle Lauree Triennali di Scienze Politiche per la sessione di marzo 2024?,A. 12 aprile 2024,A,True
Quale tra i seguenti servizi online NON è menzionato nel testo come disponibile per gli studenti dell'Università di Bologna?,A. AlmaEsami,B,False
Quale dei seguenti servizi NON è disponibile tramite il portale di Ateneo dell'Università di Bologna?,D.  UniboImmagine,A,False
"Quando si terrà il seminario integrativo ""OPEN INTERNATIONAL JOINT LECTURE: European Union grant programmes as a tools for the European Territorial Cooperation policy: persistence and evolutions""?",C. 4 aprile 2024 dalle 18:00 alle 19:15,C,True
Quale dei seguenti argomenti NON verrà trattato durante il seminario integrativo 'Open International Joint Lecture'?,D.  La governance strutturale dei fondi dell'Unione Europea e l'approccio americano,D,True
Quale delle seguenti app NON è menzionata come disponibile per gli studenti dell'Università di Bologna?,D. App di gestione delle biblioteche,D,True
Quando si terrà il seminario integrativo sul tema dei programmi di finanziamento dell'Unione Europea?,C. 4 aprile 2024 alle 18:00,C,True
A quale programma di finanziamento dell'Unione Europea si riferisce il caso di studio presentato nel seminario?,A. INTERREG ADRION,A,True
Quale dei seguenti servizi NON è disponibile per gli studenti dell'Università di Bologna tramite il portale online?,A. AlmaEsami,C,False
Quando si terrà l'evento online rivolto agli studenti con DSA che desiderano iscriversi all'Università di Bologna?,B. 7 maggio 2024,B,True
A quale data è previsto l'evento online rivolto agli studenti con DSA?,B. 7 maggio,B,True
Quale dei seguenti servizi online NON è disponibile per gli studenti dell'Università di Bologna?,A. AlmaEsami,B,False
Quale dei seguenti servizi NON è disponibile per gli studenti dell'Università di Bologna?,A. UniboImmagine,D,False
"Qual è l'obiettivo principale dell'organizzazione AIESEC, secondo il testo?",D. Sviluppare la leadership nei giovani,D,True
Qual è l'età minima richiesta per candidarsi a far parte del comitato AIESEC a Bologna?,C. 18 anni,C,True
Quale delle seguenti applicazioni è stata sviluppata dall'Università di Bologna per supportare i suoi studenti nel processo di inserimento nel mondo del lavoro?,A. App Job Placement,A,True
Quali sono le tre principali modalità attraverso cui AIESEC aiuta i giovani a sviluppare la propria leadership?,"D. Esperienze pratiche, volontariato all'estero e tirocinio all'estero",D,True
Qual è il modo più veloce per candidarsi al programma descritto nel testo?,B. Scansionando il QR Code,A,False
Quale dei seguenti servizi NON è disponibile per gli studenti tramite il portale online dell'Università di Bologna?,D. AlmaEsami,C,False
Quale dei seguenti servizi NON è disponibile per gli studenti dell'Università di Bologna?,B.  IRIS - Archivio produzione scientifica,B,True
Quando sono sospese le lezioni di LINGUA SPAGNOLA (8 cfu) (A-L) tenute dal prof. Silvia Betti?,"D. Il 17, 18 e 19 settembre",D,True
Quali sono le applicazioni disponibili per gli studenti dell'Università di Bologna?,C. myAlmaOrienta e App Job Placement,A,False
Quale tra questi servizi NON è disponibile per gli studenti dell'Università di Bologna?,A. Incarichi extraistituzionali,A,True
Quale è la somma totale delle borse di studio offerte dall'Associazione Giovanni Lorenzin per progetti di tesi di laurea sulla cooperazione allo sviluppo?,B. 6000€,A,False
Quale è la somma totale del denaro assegnato alle borse di studio offerte dall'Associazione Giovanni Lorenzin?,C. 6000€,A,False
Qual è il focus principale del seminario tenuto dalla Prof.ssa Annamaria Nifo?,"B. L'influenza della qualità istituzionale sulle politiche di sviluppo economico e sul capitale umano, con particolare attenzione al caso italiano.",B,True
"In quale aula si terrà il seminario 'Sviluppo economico, qualità istituzionale e capitale umano. Il caso italiano'?",B. Complesso Santa Cristina - Aula C,B,True
A quale anno accademico si riferiscono le iscrizioni aperte ai laboratori di 'Sviluppo e cooperazione internazionale'?,B. 2024-2025,B,True
Quale tra i seguenti servizi NON è disponibile tramite il portale web personale dell'Università di Bologna?,C.  UniboImmagine,B,False
Quando è possibile iscriversi ai laboratori SVIC e SPOSI per il primo semestre dell'anno accademico 2024-2025?,C. Dal 24 giugno 2024 ore 18:00,C,True
Quando è possibile iscriversi ai laboratori di SVIC e SPOSI per il primo semestre dell'anno accademico 2024-2025?,A. Dal 24 giugno 2024 ore 18:00,A,True
Quale delle seguenti informazioni NON è disponibile sul sito web del corso?,A. Note legali,A,True
Quale aspetto del lavoro di Dr. Emiliano Alessandri viene evidenziato come particolarmente rilevante?,A. La sua esperienza nell'ambito della sicurezza internazionale e la sua conoscenza delle politiche di sviluppo all'interno di organizzazioni internazionali come la NATO e l'OSCE.,A,True
Quando si terrà il seminario sul tema della 'Geopolitical competition under other name: development policy in multilateral security organizations'?,"B. 5 aprile 2024, dalle 9:00 alle 11:00",B,True
Quale organizzazione internazionale viene menzionata nel contesto come esempio di un'organizzazione che affronta la politica di sviluppo?,B. NATO,B,True
"Quale bando offre contributi economici specifici per studenti in condizioni di disagio personale, familiare ed economico iscritti all'anno accademico 2023/2024?",A. Contributi per chi è in condizioni di disagio,A,True
Quando è possibile presentare domanda per il bando ER.GO che offre borse di studio e altre agevolazioni?,C. Entro il 13 settembre 2024,C,True
Quale tra questi servizi NON è disponibile per gli studenti dell'Università di Bologna?,C. AlmaEsami,D,False
Quale dei seguenti servizi NON è menzionato come disponibile per gli studenti dell'Università di Bologna?,A. Cedolini web,C,False
In quale paese sono ubicate le 4 posizioni di Servizio Civile Universale offerte dal MLFM nel Bando 2023?,B. Ruanda,B,True
Quando scade il bando per il Servizio Civile Universale in Ruanda?,D. 15 febbraio 2024 alle ore 14,D,True
Quali informazioni aggiuntive sono disponibili per gli utenti del sito web?,"A. Informazioni sulla privacy, note legali e informazioni sull'accessibilità del sito",A,True
Quale dei seguenti servizi online è specificamente dedicato alla gestione degli esami per gli studenti dell'Università di Bologna?,B. AlmaEsami,B,True
Quale dei seguenti servizi NON è disponibile per gli studenti dell'Università di Bologna?,A.  IRIS - Archivio produzione scientifica,C,False
"Quando e dove si terrà il seminario su 'Crescita, produttività ed equità distributiva nell’evoluzione strutturale delle imprese italiane. Un’analisi su dati ISTAT del periodo 2008-2021'?","D. 10 aprile 2024 dalle 17:00 alle 19:00, Aula Ruffilli, Primo piano, Palazzo Hercolani - Strada Maggiore 45, Bologna",D,True
"In che anno l'evento ""Crescita, produttività ed equità distributiva nell’evoluzione strutturale delle imprese italiane. Un’analisi su dati ISTAT del periodo 2008-2021"" si svolge?",A. 2024,A,True
"Secondo l'analisi ISTAT presentata al seminario, in che periodo temporale sono stati raccolti i dati relativi alla crescita, produttività ed equità distributiva nelle imprese italiane?",B. 2008 - 2021,B,True
Quale tra i seguenti servizi online è specificamente menzionato come disponibile per gli studenti dell'Università di Bologna?,D. AlmaEsami,D,True
Quale dei seguenti servizi NON è disponibile tramite il portale di Ateneo dell'Università di Bologna?,B.  Accesso alle liste di distribuzione dei docenti,C,False
Quante ore di formazione sono previste per FundraisingDay?,D. 8,D,True
Quante ore di formazione sono previste per FundraisingDay?,B. 8,B,True
Quale delle seguenti app NON è menzionata come disponibile per gli studenti dell'Università di Bologna?,A. App Alumni,B,False
Quante ore di formazione sono previste per FundraisingDay?,C. 8 ore,C,True
Quando è scaduto il termine per iscriversi al semestre a Buenos Aires?,A. 6 maggio,A,True
Quando è possibile iscriversi al percorso di 8 lezioni di introduzione all'imprenditorialità organizzato in collaborazione con AlmaCube?,A. Entro il 21 marzo,A,True
Quale tra questi servizi online è specificamente menzionato come disponibile per gli studenti dell'Università di Bologna?,B. AlmaEsami,B,True
Quale dei seguenti servizi NON è disponibile tramite il portale di Ateneo dell'Università di Bologna?,B. UniboImmagine,C,False
Quando è scaduto il termine per le iscrizioni al semestre a Buenos Aires?,A. 6 maggio,A,True
Quando verrà pubblicata la graduatoria per il semestre a Buenos Aires?,C. Il 16 maggio,C,True
Quale dei seguenti servizi online è specificamente dedicato alla gestione degli esami per gli studenti dell'Università di Bologna?,A. AlmaEsami,A,True
Quando è stato pubblicato l'annuncio della nuova email di supporto alla didattica?,C. 11 luglio 2024,C,True
Quando è stata pubblicata la nuova email di supporto didattico per il corso di laurea in Sviluppo e Cooperazione Internazionale?,D. 11 luglio 2024,D,True
Quale ruolo ricopre Massimo Antonelli all'interno di EY Italia?,A. Country Managing Partner e Chief Operations Officer (COO) per la Region Europe West,A,True
Quando è possibile iscriversi all'evento 'RiGenerazioni. Quanto ne sai concretamente di sostenibilità'?,D. Fino al 18 aprile,D,True
Qual è l'argomento principale della tesi di laurea di Simone Gridelli che ha vinto il Premio nazionale della Società Geografica italiana?,A. Gli impatti territoriali dell'industria estrattiva del litio nel Salar di Atacama,A,True
In quale fascia oraria si terrà l'evento dedicato alle borse di studio e alle agevolazioni per gli studenti?,D. 27 febbraio ore 13.30-14.30  e 28 febbraio ore 11.00-12.00,D,True
Quando e dove si terrà la conferenza  _“Il Sudafrica a trent’anni dalla apartheid – sfide interne e internazionali”_?,"A. Martedì 9 aprile alle ore 16:30 presso la Sala di Ulisse (Accademia delle Scienze, via Zamboni 31)",A,True
"Dove si terrà il ciclo di incontri sul tema ""Il Sudafrica a trent'anni dalla apartheid""?",B.  Sia in presenza all'Accademia delle Scienze di Bologna che online tramite un link dedicato.,B,True
"In quale sala si terrà il seminario ""Il Sudafrica a trent'anni dalla apartheid – sfide interne e internazionali""?","C. Sala di Ulisse (Accademia delle Scienze, via Zamboni 31)",C,True
Quando verrà pubblicato il bando Erasmus+ Studio 2024/2025?,B. Il 10 gennaio 2024 nel pomeriggio,B,True
Quando verrà pubblicata la call per le candidature Erasmus+?,"D. Il 10 gennaio 2024, nel pomeriggio",D,True
In quale aula si terrà la presentazione del bando Erasmus 2024/25?,C. Aula 4 di Palazzo Hercolani,C,True
Quale dei seguenti servizi online NON è specificamente menzionato come disponibile per gli studenti dell'Università di Bologna?,D. AlmaEsami,A,False
Quale servizio online è dedicato alla gestione delle tesi di laurea?,D. Tesi online,D,True
"Quando e dove si terrà la tavola rotonda ""Fantascienza e Demografia""?","A. 01 marzo 2024 dalle 17:00 alle 20:00 in Biblioteca SalaBorsa - Sala Auditorium Enzo Biagi - Piazza del Nettuno 3, Bologna",A,True
"Secondo il programma allegato, in quale mese si terrà la tavola rotonda su 'Fantascienza e Demografia'?",D. Febbraio,B,False
In quale anno è stato registrato il copyright per il sito web?,A. 2024,2024,False
"Quale tema specifico verrà affrontato durante la tavola rotonda ""Fantascienza e Demografia"" organizzata dall'Università di Bologna?",D. L'impatto della fantascienza sulla rappresentazione di tendenze demografiche future e attuali,D,True
"Quale tema specifico verrà affrontato durante la tavola rotonda ""Fantascienza e Demografia""?",A. L'impatto del cambiamento climatico sulle dinamiche della popolazione,B,False
"Quali sono le aree di ricerca affrontate dal Dipartimento di Scienze Statistiche ""Paolo Fortunati""?","A. Statistica metodologica, Data Science, demografia, statistica medica e biostatistica, economia applicata e matematica finanziaria.",A,True
"In quale sala si terrà la tavola rotonda ""Fantascienza e Demografia""?",B. Sala Auditorium Enzo Biagi,B,True
Qual è l'argomento principale del corso?,D.  Storia dell'arte medievale,A,False
Quale tra le seguenti opportunità di supporto per gli studenti è disponibile fino al 1 marzo 2024?,"A.  ""Climate Justice University"": incontri organizzati dall'Associazione per la Giustizia Climatica",C,False
"Qual è la data limite per la presentazione delle domande per il bando ""Scegli il Servizio Civile!"", come indicato nel testo?",D. 15 febbraio 2024,D,True
Quale dei seguenti servizi online è specificamente menzionato per gli studenti dell'Università di Bologna?,A. AlmaEsami,A,True
Quale dei seguenti servizi NON è disponibile per gli studenti dell'Università di Bologna?,B. UniboImmagine,C,False
Quando sono aperte le iscrizioni per il corso di Laurea in Sviluppo e Cooperazione Internazionale?,C.  Sono aperte le iscrizioni!,C,True
"Per maggiori informazioni sul corso TOLC 2024/25, dove si consiglia di andare?",D. https://corsi.unibo.it/laurea/SviluppoCooperazioneInternazionale/tolc-cos-e-e-come-si-svolge,D,True
Quali informazioni sono fornite nel testo fornito?,A.  Link per le impostazioni dei cookie e un link per tornare in cima alla pagina.,A,True
Quando è possibile presentare domanda per l'accesso al CdS SVIC per l'anno accademico 2024-2025 tramite selezione straordinaria?,D. Dal 10 settembre al 19 settembre 2024,D,True
"Quando è possibile presentare domanda per ottenere il riconoscimento dello status ""Studente-Atleta"" all'Università di Bologna?",C. Fino al 31 ottobre,C,True
Quale evento si terrà il 27 settembre 2024 a Bologna?,"C. Tour guidati e AperiScienza, aspettando la Notte Europea dei Ricercatori",A,False
Quale evento si svolge in presenza e si concentra su tecniche di public speaking per contesti internazionali?,A. Developing presence and engagement for international speeches: acting techniques for non-actors,A,True
Quale evento si svolge a Bologna tra il 15 e il 17 maggio 2024?,A. Bologna Peacebuilding Forum,A,True
Quale servizio online è dedicato specificamente alle offerte di lavoro per studenti e laureati dell'Università di Bologna?,B. AlmaEsami,A,False
Quale dei seguenti servizi NON è menzionato come disponibile per gli studenti dell'Università di Bologna?,A.  Cedolini web,A,True
Quando si terrà l'incontro informativo su Erasmus+ mobilità per tirocinio?,D. 19 marzo 2024 dalle 09:00 alle 11:00,D,True
Quando è possibile presentare la candidatura per la mobilità Erasmus+ per tirocinio?,D. Dal 28 marzo,D,True
Quali delle seguenti applicazioni NON è menzionata come disponibile per gli studenti dell'Università di Bologna?,A. App per la gestione del budget studentesco,A,True
Quando si terrà l'incontro informativo sull'opportunità Erasmus+ per mobilità per tirocinio?,"A. 19 marzo 2024, dalle 9:00 alle 11:00",A,True
Quale dei seguenti servizi NON è disponibile per gli studenti dell'Università di Bologna tramite il portale online?,B. AlmaEsami,C,False
Quando sono previste le sospensioni delle attività didattiche all'Università di Bologna?,B. Venerdì 12 aprile 2024,B,True
In che giorno del 2024 sono sospese tutte le attività didattiche presso l'Università di Bologna?,C. Venerdì 12 aprile 2024,C,True
Quali risorse sono disponibili per gli studenti del corso di laurea in Sviluppo e Cooperazione Internazionale presso l'Università di Bologna?,"C. Lezioni, libri di testo, informazioni su come completare gli OFA e servizi per studenti con DSA/disabilità",C,True
Come si può ottenere informazioni aggiornate sulle modalità di iscrizione al corso di SVIC per il prossimo anno accademico?,"B. Consultando la pagina dedicata sul sito web dell'università, https://corsi.unibo.it/laurea/SviluppoCooperazioneInternazionale/iscriversi-al-corso",B,True
Quali informazioni aggiuntive sui corsi di laurea SVIC & SPOSI sono disponibili tramite i link forniti nel testo?,"C. Presentazione del corso SVIC 2024 e un documento che analizza le analogie e le differenze tra SVIC, SPOSI e SID",C,True
"Quale tra i tre corsi (SPOSI, SID, SVIC) si concentra principalmente sull'analisi delle istituzioni, dei sistemi socio-politici ed economici, nonché dei processi politici e sociali internazionali?",C. SID,C,True
Quale delle seguenti affermazioni descrive correttamente la struttura del Corso di Laurea in Sviluppo e Cooperazione Internazionale (SVIC)?,"B. Il corso prevede un percorso comune per i primi due anni, seguito da un terzo anno con la possibilità di scegliere due esami a scelta e uno studio storico obbligatorio.",B,True
In quale dei seguenti corsi è possibile scegliere tra 5 curricula al 3° anno?,"B. L-36, Scienze politiche e delle relazioni internazionali",C,False
